Arduino to MATLAB PPM Reader; by Gabriel Staples; 3 April 2014
Note: all of the channel PPM values read in by the Arduino are one or more loop iterations old; ex (if we are only preloading the serial buffer with ONE data packet): the PPM values that the Arduino is grabbing this loop will not be read into MATLAB until the next loop; and the PPM values being recorded this loop are the values the Arduino grabbed during the previous loop.

1,2,3,4,5,6,7,8,9,10,11,12,13,14,15,16,17,
packet_num(-), Arduino time stamp--t(ms), PPM_gap, PPM_pd(us),PPM_freq(Hz), t_since_interrupt(ms), Tx_on(-),Bytes_avail_in_MATLAB_serial_buffer, Bad_packet_cnt,Ch1(us), Ch2(us), Ch3(us), Ch4(us), Ch5(us), Ch6(us), Ch7(us), Ch8(us)
1.0000,23.0000,11004.0000,11586.0000,86.0000,1.0000,1.0000,42.0000,0.0000,1505.0000,0.0000,0.0000,0.0000,0.0000,0.0000,0.0000,0.0000
2.0000,66.0000,11003.0000,22550.0000,44.0000,0.0000,1.0000,42.0000,0.0000,1505.0000,0.0000,0.0000,0.0000,0.0000,0.0000,0.0000,0.0000
3.0000,1260.0000,11004.0000,22550.0000,44.0000,1.0000,1.0000,42.0000,0.0000,1505.0000,0.0000,0.0000,0.0000,0.0000,0.0000,0.0000,0.0000
4.0000,1903.0000,11004.0000,22552.0000,44.0000,9.0000,1.0000,42.0000,0.0000,1505.0000,0.0000,0.0000,0.0000,0.0000,0.0000,0.0000,0.0000
5.0000,2457.0000,11004.0000,22553.0000,44.0000,1.0000,1.0000,42.0000,0.0000,1505.0000,0.0000,0.0000,0.0000,0.0000,0.0000,0.0000,0.0000
6.0000,3059.0000,11004.0000,22550.0000,44.0000,0.0000,1.0000,42.0000,0.0000,1505.0000,0.0000,0.0000,0.0000,0.0000,0.0000,0.0000,0.0000
7.0000,3786.0000,11004.0000,22552.0000,44.0000,1.0000,1.0000,42.0000,0.0000,1505.0000,0.0000,0.0000,0.0000,0.0000,0.0000,0.0000,0.0000
8.0000,4508.0000,11004.0000,22550.0000,44.0000,0.0000,1.0000,42.0000,0.0000,1505.0000,0.0000,0.0000,0.0000,0.0000,0.0000,0.0000,0.0000
9.0000,5228.0000,11004.0000,22551.0000,44.0000,1.0000,1.0000,0.0000,0.0000,1505.0000,0.0000,0.0000,0.0000,0.0000,0.0000,0.0000,0.0000
10.0000,5732.0000,11004.0000,22552.0000,44.0000,4.0000,1.0000,0.0000,0.0000,1505.0000,0.0000,0.0000,0.0000,0.0000,0.0000,0.0000,0.0000
11.0000,6293.0000,11004.0000,22551.0000,44.0000,2.0000,1.0000,0.0000,0.0000,1505.0000,0.0000,0.0000,0.0000,0.0000,0.0000,0.0000,0.0000
12.0000,6693.0000,11004.0000,22552.0000,44.0000,1.0000,1.0000,0.0000,0.0000,1505.0000,0.0000,0.0000,0.0000,0.0000,0.0000,0.0000,0.0000
13.0000,7068.0000,11004.0000,22550.0000,44.0000,10.0000,1.0000,0.0000,0.0000,1505.0000,0.0000,0.0000,0.0000,0.0000,0.0000,0.0000,0.0000
14.0000,7564.0000,11002.0000,22551.0000,44.0000,9.0000,1.0000,0.0000,0.0000,1505.0000,0.0000,0.0000,0.0000,0.0000,0.0000,0.0000,0.0000
15.0000,7980.0000,11004.0000,22553.0000,44.0000,1.0000,1.0000,0.0000,0.0000,1505.0000,0.0000,0.0000,0.0000,0.0000,0.0000,0.0000,0.0000
16.0000,8357.0000,11004.0000,22550.0000,44.0000,1.0000,1.0000,0.0000,0.0000,1505.0000,0.0000,0.0000,0.0000,0.0000,0.0000,0.0000,0.0000
17.0000,8718.0000,11004.0000,22550.0000,44.0000,1.0000,1.0000,0.0000,0.0000,1505.0000,0.0000,0.0000,0.0000,0.0000,0.0000,0.0000,0.0000
18.0000,9092.0000,11004.0000,22552.0000,44.0000,4.0000,1.0000,0.0000,0.0000,1505.0000,0.0000,0.0000,0.0000,0.0000,0.0000,0.0000,0.0000
19.0000,9477.0000,11003.0000,22550.0000,44.0000,5.0000,1.0000,42.0000,0.0000,1505.0000,0.0000,0.0000,0.0000,0.0000,0.0000,0.0000,0.0000
20.0000,9888.0000,11003.0000,22550.0000,44.0000,0.0000,1.0000,0.0000,0.0000,1505.0000,0.0000,0.0000,0.0000,0.0000,0.0000,0.0000,0.0000
21.0000,10237.0000,11004.0000,22551.0000,44.0000,1.0000,1.0000,0.0000,0.0000,1505.0000,0.0000,0.0000,0.0000,0.0000,0.0000,0.0000,0.0000
22.0000,10594.0000,11004.0000,22552.0000,44.0000,0.0000,1.0000,0.0000,0.0000,1505.0000,0.0000,0.0000,0.0000,0.0000,0.0000,0.0000,0.0000
23.0000,10989.0000,11003.0000,22550.0000,44.0000,7.0000,1.0000,0.0000,0.0000,1505.0000,0.0000,0.0000,0.0000,0.0000,0.0000,0.0000,0.0000
24.0000,11395.0000,11003.0000,22552.0000,44.0000,7.0000,1.0000,0.0000,0.0000,1505.0000,0.0000,0.0000,0.0000,0.0000,0.0000,0.0000,0.0000
25.0000,11809.0000,11003.0000,22552.0000,44.0000,0.0000,1.0000,0.0000,0.0000,1505.0000,0.0000,0.0000,0.0000,0.0000,0.0000,0.0000,0.0000
26.0000,12231.0000,11004.0000,22550.0000,44.0000,9.0000,1.0000,0.0000,0.0000,1505.0000,0.0000,0.0000,0.0000,0.0000,0.0000,0.0000,0.0000
27.0000,12657.0000,11004.0000,22549.0000,44.0000,6.0000,1.0000,0.0000,0.0000,1505.0000,0.0000,0.0000,0.0000,0.0000,0.0000,0.0000,0.0000
28.0000,13063.0000,11005.0000,22553.0000,44.0000,6.0000,1.0000,0.0000,0.0000,1505.0000,0.0000,0.0000,0.0000,0.0000,0.0000,0.0000,0.0000
29.0000,13455.0000,11004.0000,22551.0000,44.0000,0.0000,1.0000,0.0000,0.0000,1505.0000,0.0000,0.0000,0.0000,0.0000,0.0000,0.0000,0.0000
30.0000,13811.0000,11004.0000,22553.0000,44.0000,10.0000,1.0000,0.0000,0.0000,1505.0000,0.0000,0.0000,0.0000,0.0000,0.0000,0.0000,0.0000
31.0000,14202.0000,11004.0000,22552.0000,44.0000,0.0000,1.0000,0.0000,0.0000,1505.0000,0.0000,0.0000,0.0000,0.0000,0.0000,0.0000,0.0000
32.0000,14574.0000,11004.0000,22551.0000,44.0000,6.0000,1.0000,0.0000,0.0000,1505.0000,0.0000,0.0000,0.0000,0.0000,0.0000,0.0000,0.0000
33.0000,14927.0000,11004.0000,22553.0000,44.0000,0.0000,1.0000,0.0000,0.0000,1505.0000,0.0000,0.0000,0.0000,0.0000,0.0000,0.0000,0.0000
34.0000,15278.0000,11004.0000,22552.0000,44.0000,12.0000,1.0000,0.0000,0.0000,1505.0000,0.0000,0.0000,0.0000,0.0000,0.0000,0.0000,0.0000
35.0000,15680.0000,11003.0000,22551.0000,44.0000,7.0000,1.0000,0.0000,0.0000,1505.0000,0.0000,0.0000,0.0000,0.0000,0.0000,0.0000,0.0000
36.0000,16041.0000,11003.0000,22550.0000,44.0000,8.0000,1.0000,0.0000,0.0000,1505.0000,0.0000,0.0000,0.0000,0.0000,0.0000,0.0000,0.0000
37.0000,16402.0000,11004.0000,22551.0000,44.0000,7.0000,1.0000,0.0000,0.0000,1505.0000,0.0000,0.0000,0.0000,0.0000,0.0000,0.0000,0.0000
38.0000,16757.0000,11004.0000,22551.0000,44.0000,2.0000,1.0000,0.0000,0.0000,1505.0000,0.0000,0.0000,0.0000,0.0000,0.0000,0.0000,0.0000
39.0000,17129.0000,11003.0000,22550.0000,44.0000,0.0000,1.0000,0.0000,0.0000,1505.0000,0.0000,0.0000,0.0000,0.0000,0.0000,0.0000,0.0000
40.0000,17532.0000,11004.0000,22551.0000,44.0000,10.0000,1.0000,0.0000,0.0000,1505.0000,0.0000,0.0000,0.0000,0.0000,0.0000,0.0000,0.0000
41.0000,17947.0000,11004.0000,22554.0000,44.0000,0.0000,1.0000,0.0000,0.0000,1505.0000,0.0000,0.0000,0.0000,0.0000,0.0000,0.0000,0.0000
42.0000,18360.0000,11004.0000,22550.0000,44.0000,3.0000,1.0000,0.0000,0.0000,1505.0000,0.0000,0.0000,0.0000,0.0000,0.0000,0.0000,0.0000
43.0000,18774.0000,11005.0000,22556.0000,44.0000,0.0000,1.0000,0.0000,0.0000,1505.0000,0.0000,0.0000,0.0000,0.0000,0.0000,0.0000,0.0000
44.0000,19179.0000,11003.0000,22550.0000,44.0000,11.0000,1.0000,0.0000,0.0000,1505.0000,0.0000,0.0000,0.0000,0.0000,0.0000,0.0000,0.0000
45.0000,19590.0000,11004.0000,22553.0000,44.0000,0.0000,1.0000,0.0000,0.0000,1505.0000,0.0000,0.0000,0.0000,0.0000,0.0000,0.0000,0.0000
46.0000,20003.0000,11004.0000,22551.0000,44.0000,1.0000,1.0000,0.0000,0.0000,1505.0000,0.0000,0.0000,0.0000,0.0000,0.0000,0.0000,0.0000
47.0000,20422.0000,11003.0000,22550.0000,44.0000,1.0000,1.0000,0.0000,0.0000,1505.0000,0.0000,0.0000,0.0000,0.0000,0.0000,0.0000,0.0000
48.0000,20809.0000,11004.0000,22550.0000,44.0000,1.0000,1.0000,0.0000,0.0000,1505.0000,0.0000,0.0000,0.0000,0.0000,0.0000,0.0000,0.0000
49.0000,21202.0000,11004.0000,22552.0000,44.0000,4.0000,1.0000,0.0000,0.0000,1505.0000,0.0000,0.0000,0.0000,0.0000,0.0000,0.0000,0.0000
50.0000,21594.0000,11003.0000,22550.0000,44.0000,1.0000,1.0000,0.0000,0.0000,1505.0000,0.0000,0.0000,0.0000,0.0000,0.0000,0.0000,0.0000
51.0000,21988.0000,11003.0000,22551.0000,44.0000,1.0000,1.0000,0.0000,0.0000,1505.0000,0.0000,0.0000,0.0000,0.0000,0.0000,0.0000,0.0000
52.0000,22393.0000,11003.0000,22550.0000,44.0000,0.0000,1.0000,0.0000,0.0000,1505.0000,0.0000,0.0000,0.0000,0.0000,0.0000,0.0000,0.0000
53.0000,22790.0000,11004.0000,22553.0000,44.0000,1.0000,1.0000,0.0000,0.0000,1505.0000,0.0000,0.0000,0.0000,0.0000,0.0000,0.0000,0.0000
54.0000,23185.0000,11003.0000,22551.0000,44.0000,2.0000,1.0000,0.0000,0.0000,1505.0000,0.0000,0.0000,0.0000,0.0000,0.0000,0.0000,0.0000
55.0000,23579.0000,11004.0000,22551.0000,44.0000,1.0000,1.0000,0.0000,0.0000,1505.0000,0.0000,0.0000,0.0000,0.0000,0.0000,0.0000,0.0000
56.0000,23961.0000,11003.0000,22549.0000,44.0000,1.0000,1.0000,0.0000,0.0000,1505.0000,0.0000,0.0000,0.0000,0.0000,0.0000,0.0000,0.0000
57.0000,24354.0000,11004.0000,22553.0000,44.0000,1.0000,1.0000,0.0000,0.0000,1505.0000,0.0000,0.0000,0.0000,0.0000,0.0000,0.0000,0.0000
58.0000,24751.0000,11004.0000,22552.0000,44.0000,0.0000,1.0000,0.0000,0.0000,1505.0000,0.0000,0.0000,0.0000,0.0000,0.0000,0.0000,0.0000
59.0000,25140.0000,11004.0000,22550.0000,44.0000,1.0000,1.0000,0.0000,0.0000,1505.0000,0.0000,0.0000,0.0000,0.0000,0.0000,0.0000,0.0000
60.0000,25540.0000,11004.0000,22552.0000,44.0000,0.0000,1.0000,0.0000,0.0000,1505.0000,0.0000,0.0000,0.0000,0.0000,0.0000,0.0000,0.0000
61.0000,25927.0000,11004.0000,22551.0000,44.0000,1.0000,1.0000,0.0000,0.0000,1505.0000,0.0000,0.0000,0.0000,0.0000,0.0000,0.0000,0.0000
62.0000,26323.0000,11004.0000,22550.0000,44.0000,6.0000,1.0000,0.0000,0.0000,1505.0000,0.0000,0.0000,0.0000,0.0000,0.0000,0.0000,0.0000
63.0000,26715.0000,11004.0000,22550.0000,44.0000,0.0000,1.0000,0.0000,0.0000,1505.0000,0.0000,0.0000,0.0000,0.0000,0.0000,0.0000,0.0000
64.0000,27106.0000,11004.0000,22553.0000,44.0000,1.0000,1.0000,0.0000,0.0000,1505.0000,0.0000,0.0000,0.0000,0.0000,0.0000,0.0000,0.0000
65.0000,27505.0000,11004.0000,22551.0000,44.0000,0.0000,1.0000,0.0000,0.0000,1505.0000,0.0000,0.0000,0.0000,0.0000,0.0000,0.0000,0.0000
66.0000,27902.0000,11004.0000,22552.0000,44.0000,7.0000,1.0000,0.0000,0.0000,1505.0000,0.0000,0.0000,0.0000,0.0000,0.0000,0.0000,0.0000
67.0000,28292.0000,11004.0000,22551.0000,44.0000,2.0000,1.0000,0.0000,0.0000,1505.0000,0.0000,0.0000,0.0000,0.0000,0.0000,0.0000,0.0000
68.0000,28693.0000,11004.0000,22555.0000,44.0000,8.0000,1.0000,0.0000,0.0000,1505.0000,0.0000,0.0000,0.0000,0.0000,0.0000,0.0000,0.0000
69.0000,29138.0000,10999.0000,22552.0000,44.0000,2.0000,1.0000,0.0000,0.0000,1505.0000,0.0000,0.0000,0.0000,0.0000,0.0000,0.0000,0.0000
70.0000,29580.0000,11004.0000,22551.0000,44.0000,0.0000,1.0000,0.0000,0.0000,1505.0000,0.0000,0.0000,0.0000,0.0000,0.0000,0.0000,0.0000
71.0000,30056.0000,11004.0000,22551.0000,44.0000,0.0000,1.0000,0.0000,0.0000,1505.0000,0.0000,0.0000,0.0000,0.0000,0.0000,0.0000,0.0000
72.0000,30508.0000,11004.0000,22552.0000,44.0000,0.0000,1.0000,0.0000,0.0000,1505.0000,0.0000,0.0000,0.0000,0.0000,0.0000,0.0000,0.0000
73.0000,30948.0000,11004.0000,22549.0000,44.0000,8.0000,1.0000,0.0000,0.0000,1505.0000,0.0000,0.0000,0.0000,0.0000,0.0000,0.0000,0.0000
74.0000,31340.0000,11004.0000,22553.0000,44.0000,0.0000,1.0000,0.0000,0.0000,1505.0000,0.0000,0.0000,0.0000,0.0000,0.0000,0.0000,0.0000
75.0000,31779.0000,11006.0000,22551.0000,44.0000,5.0000,1.0000,0.0000,0.0000,1505.0000,0.0000,0.0000,0.0000,0.0000,0.0000,0.0000,0.0000
76.0000,32224.0000,11004.0000,22552.0000,44.0000,1.0000,1.0000,0.0000,0.0000,1505.0000,0.0000,0.0000,0.0000,0.0000,0.0000,0.0000,0.0000
77.0000,32659.0000,11004.0000,22549.0000,44.0000,5.0000,1.0000,0.0000,0.0000,1505.0000,0.0000,0.0000,0.0000,0.0000,0.0000,0.0000,0.0000
78.0000,33108.0000,11007.0000,22553.0000,44.0000,3.0000,1.0000,0.0000,0.0000,1505.0000,0.0000,0.0000,0.0000,0.0000,0.0000,0.0000,0.0000
79.0000,33563.0000,11003.0000,22550.0000,44.0000,7.0000,1.0000,0.0000,0.0000,1505.0000,0.0000,0.0000,0.0000,0.0000,0.0000,0.0000,0.0000
80.0000,34011.0000,11004.0000,22551.0000,44.0000,4.0000,1.0000,0.0000,0.0000,1505.0000,0.0000,0.0000,0.0000,0.0000,0.0000,0.0000,0.0000
81.0000,34453.0000,11004.0000,22550.0000,44.0000,1.0000,1.0000,0.0000,0.0000,1505.0000,0.0000,0.0000,0.0000,0.0000,0.0000,0.0000,0.0000
82.0000,34896.0000,11004.0000,22552.0000,44.0000,10.0000,1.0000,0.0000,0.0000,1505.0000,0.0000,0.0000,0.0000,0.0000,0.0000,0.0000,0.0000
83.0000,35338.0000,11001.0000,22550.0000,44.0000,0.0000,1.0000,0.0000,0.0000,1505.0000,0.0000,0.0000,0.0000,0.0000,0.0000,0.0000,0.0000
84.0000,35778.0000,11004.0000,22551.0000,44.0000,1.0000,1.0000,0.0000,0.0000,1505.0000,0.0000,0.0000,0.0000,0.0000,0.0000,0.0000,0.0000
85.0000,36216.0000,11003.0000,22554.0000,44.0000,1.0000,1.0000,0.0000,0.0000,1505.0000,0.0000,0.0000,0.0000,0.0000,0.0000,0.0000,0.0000
86.0000,36694.0000,11003.0000,22549.0000,44.0000,4.0000,1.0000,0.0000,0.0000,1505.0000,0.0000,0.0000,0.0000,0.0000,0.0000,0.0000,0.0000
87.0000,37143.0000,11003.0000,22550.0000,44.0000,1.0000,1.0000,0.0000,0.0000,1505.0000,0.0000,0.0000,0.0000,0.0000,0.0000,0.0000,0.0000
88.0000,37582.0000,11003.0000,22556.0000,44.0000,1.0000,1.0000,0.0000,0.0000,1505.0000,0.0000,0.0000,0.0000,0.0000,0.0000,0.0000,0.0000
89.0000,38032.0000,11006.0000,22555.0000,44.0000,10.0000,1.0000,0.0000,0.0000,1505.0000,0.0000,0.0000,0.0000,0.0000,0.0000,0.0000,0.0000
90.0000,38474.0000,11003.0000,22551.0000,44.0000,2.0000,1.0000,0.0000,0.0000,1505.0000,0.0000,0.0000,0.0000,0.0000,0.0000,0.0000,0.0000
91.0000,38915.0000,11003.0000,22552.0000,44.0000,0.0000,1.0000,0.0000,0.0000,1505.0000,0.0000,0.0000,0.0000,0.0000,0.0000,0.0000,0.0000
92.0000,39358.0000,11003.0000,22550.0000,44.0000,6.0000,1.0000,0.0000,0.0000,1505.0000,0.0000,0.0000,0.0000,0.0000,0.0000,0.0000,0.0000
93.0000,39794.0000,11006.0000,22552.0000,44.0000,0.0000,1.0000,0.0000,0.0000,1505.0000,0.0000,0.0000,0.0000,0.0000,0.0000,0.0000,0.0000
94.0000,40242.0000,11004.0000,22551.0000,44.0000,11.0000,1.0000,0.0000,0.0000,1505.0000,0.0000,0.0000,0.0000,0.0000,0.0000,0.0000,0.0000
95.0000,40693.0000,11004.0000,22551.0000,44.0000,0.0000,1.0000,0.0000,0.0000,1505.0000,0.0000,0.0000,0.0000,0.0000,0.0000,0.0000,0.0000
96.0000,41175.0000,11004.0000,22550.0000,44.0000,1.0000,1.0000,0.0000,0.0000,1505.0000,0.0000,0.0000,0.0000,0.0000,0.0000,0.0000,0.0000
97.0000,41663.0000,11003.0000,22551.0000,44.0000,11.0000,1.0000,0.0000,0.0000,1505.0000,0.0000,0.0000,0.0000,0.0000,0.0000,0.0000,0.0000
98.0000,42153.0000,11004.0000,22547.0000,44.0000,5.0000,1.0000,0.0000,0.0000,1505.0000,0.0000,0.0000,0.0000,0.0000,0.0000,0.0000,0.0000
99.0000,42678.0000,11003.0000,22550.0000,44.0000,11.0000,1.0000,0.0000,0.0000,1505.0000,0.0000,0.0000,0.0000,0.0000,0.0000,0.0000,0.0000
100.0000,43219.0000,11008.0000,22556.0000,44.0000,0.0000,1.0000,0.0000,0.0000,1505.0000,0.0000,0.0000,0.0000,0.0000,0.0000,0.0000,0.0000
101.0000,43736.0000,11003.0000,22552.0000,44.0000,10.0000,1.0000,0.0000,0.0000,1505.0000,0.0000,0.0000,0.0000,0.0000,0.0000,0.0000,0.0000
102.0000,44256.0000,11004.0000,22551.0000,44.0000,10.0000,1.0000,42.0000,0.0000,1505.0000,0.0000,0.0000,0.0000,0.0000,0.0000,0.0000,0.0000
103.0000,44978.0000,11007.0000,22555.0000,44.0000,11.0000,1.0000,42.0000,0.0000,1505.0000,0.0000,0.0000,0.0000,0.0000,0.0000,0.0000,0.0000
104.0000,45704.0000,11002.0000,22552.0000,44.0000,1.0000,1.0000,42.0000,0.0000,1505.0000,0.0000,0.0000,0.0000,0.0000,0.0000,0.0000,0.0000
105.0000,46448.0000,11003.0000,22549.0000,44.0000,0.0000,1.0000,42.0000,0.0000,1505.0000,0.0000,0.0000,0.0000,0.0000,0.0000,0.0000,0.0000
106.0000,47194.0000,11004.0000,22547.0000,44.0000,0.0000,1.0000,42.0000,0.0000,1505.0000,0.0000,0.0000,0.0000,0.0000,0.0000,0.0000,0.0000
107.0000,47938.0000,11003.0000,22550.0000,44.0000,2.0000,1.0000,42.0000,0.0000,1505.0000,0.0000,0.0000,0.0000,0.0000,0.0000,0.0000,0.0000
108.0000,48811.0000,11003.0000,22551.0000,44.0000,11.0000,1.0000,42.0000,0.0000,1505.0000,0.0000,0.0000,0.0000,0.0000,0.0000,0.0000,0.0000
109.0000,49577.0000,11005.0000,22550.0000,44.0000,10.0000,1.0000,42.0000,0.0000,1505.0000,0.0000,0.0000,0.0000,0.0000,0.0000,0.0000,0.0000
110.0000,50417.0000,11001.0000,22550.0000,44.0000,0.0000,1.0000,42.0000,0.0000,1505.0000,0.0000,0.0000,0.0000,0.0000,0.0000,0.0000,0.0000
111.0000,51168.0000,11002.0000,22554.0000,44.0000,1.0000,1.0000,42.0000,0.0000,1505.0000,0.0000,0.0000,0.0000,0.0000,0.0000,0.0000,0.0000
112.0000,52125.0000,11003.0000,22551.0000,44.0000,9.0000,1.0000,42.0000,0.0000,1505.0000,0.0000,0.0000,0.0000,0.0000,0.0000,0.0000,0.0000
113.0000,52880.0000,11001.0000,22553.0000,44.0000,0.0000,1.0000,42.0000,0.0000,1505.0000,0.0000,0.0000,0.0000,0.0000,0.0000,0.0000,0.0000
114.0000,53629.0000,11003.0000,22550.0000,44.0000,3.0000,1.0000,42.0000,0.0000,1505.0000,0.0000,0.0000,0.0000,0.0000,0.0000,0.0000,0.0000
115.0000,54494.0000,11004.0000,22554.0000,44.0000,11.0000,1.0000,42.0000,0.0000,1505.0000,0.0000,0.0000,0.0000,0.0000,0.0000,0.0000,0.0000
116.0000,55299.0000,11003.0000,22550.0000,44.0000,3.0000,1.0000,42.0000,0.0000,1505.0000,0.0000,0.0000,0.0000,0.0000,0.0000,0.0000,0.0000
117.0000,56056.0000,11005.0000,22553.0000,44.0000,2.0000,1.0000,42.0000,0.0000,1505.0000,0.0000,0.0000,0.0000,0.0000,0.0000,0.0000,0.0000
118.0000,56935.0000,11004.0000,22550.0000,44.0000,1.0000,1.0000,42.0000,0.0000,1505.0000,0.0000,0.0000,0.0000,0.0000,0.0000,0.0000,0.0000
119.0000,57693.0000,11003.0000,22550.0000,44.0000,7.0000,1.0000,42.0000,0.0000,1505.0000,0.0000,0.0000,0.0000,0.0000,0.0000,0.0000,0.0000
120.0000,58584.0000,11003.0000,22549.0000,44.0000,0.0000,1.0000,42.0000,0.0000,1505.0000,0.0000,0.0000,0.0000,0.0000,0.0000,0.0000,0.0000
121.0000,59316.0000,11004.0000,22554.0000,44.0000,6.0000,1.0000,42.0000,0.0000,1505.0000,0.0000,0.0000,0.0000,0.0000,0.0000,0.0000,0.0000
122.0000,60102.0000,11004.0000,22551.0000,44.0000,3.0000,1.0000,42.0000,0.0000,1505.0000,0.0000,0.0000,0.0000,0.0000,0.0000,0.0000,0.0000
123.0000,60917.0000,11004.0000,22550.0000,44.0000,6.0000,1.0000,42.0000,0.0000,1505.0000,0.0000,0.0000,0.0000,0.0000,0.0000,0.0000,0.0000
124.0000,61634.0000,11004.0000,22555.0000,44.0000,2.0000,1.0000,42.0000,0.0000,1505.0000,0.0000,0.0000,0.0000,0.0000,0.0000,0.0000,0.0000
125.0000,62611.0000,11004.0000,22550.0000,44.0000,9.0000,1.0000,42.0000,0.0000,1505.0000,0.0000,0.0000,0.0000,0.0000,0.0000,0.0000,0.0000
126.0000,63384.0000,11003.0000,22550.0000,44.0000,1.0000,1.0000,42.0000,0.0000,1505.0000,0.0000,0.0000,0.0000,0.0000,0.0000,0.0000,0.0000
127.0000,64114.0000,11004.0000,22550.0000,44.0000,1.0000,1.0000,42.0000,0.0000,1505.0000,0.0000,0.0000,0.0000,0.0000,0.0000,0.0000,0.0000
128.0000,64887.0000,11004.0000,22552.0000,44.0000,7.0000,1.0000,42.0000,0.0000,1505.0000,0.0000,0.0000,0.0000,0.0000,0.0000,0.0000,0.0000
129.0000,65646.0000,11003.0000,22549.0000,44.0000,1.0000,1.0000,42.0000,0.0000,1505.0000,0.0000,0.0000,0.0000,0.0000,0.0000,0.0000,0.0000
130.0000,66380.0000,11008.0000,22555.0000,44.0000,1.0000,1.0000,42.0000,0.0000,1505.0000,0.0000,0.0000,0.0000,0.0000,0.0000,0.0000,0.0000
131.0000,67188.0000,11003.0000,22549.0000,44.0000,8.0000,1.0000,42.0000,0.0000,1505.0000,0.0000,0.0000,0.0000,0.0000,0.0000,0.0000,0.0000
132.0000,68040.0000,11004.0000,22550.0000,44.0000,3.0000,1.0000,42.0000,0.0000,1505.0000,0.0000,0.0000,0.0000,0.0000,0.0000,0.0000,0.0000
133.0000,68941.0000,11003.0000,22549.0000,44.0000,2.0000,1.0000,42.0000,0.0000,1505.0000,0.0000,0.0000,0.0000,0.0000,0.0000,0.0000,0.0000
134.0000,69771.0000,11004.0000,22551.0000,44.0000,0.0000,1.0000,42.0000,0.0000,1505.0000,0.0000,0.0000,0.0000,0.0000,0.0000,0.0000,0.0000
135.0000,70499.0000,11004.0000,22551.0000,44.0000,4.0000,1.0000,42.0000,0.0000,1505.0000,0.0000,0.0000,0.0000,0.0000,0.0000,0.0000,0.0000
136.0000,71267.0000,11003.0000,22550.0000,44.0000,5.0000,1.0000,42.0000,0.0000,1505.0000,0.0000,0.0000,0.0000,0.0000,0.0000,0.0000,0.0000
137.0000,71985.0000,11004.0000,22551.0000,44.0000,1.0000,1.0000,42.0000,0.0000,1505.0000,0.0000,0.0000,0.0000,0.0000,0.0000,0.0000,0.0000
138.0000,72848.0000,11003.0000,22554.0000,44.0000,7.0000,1.0000,42.0000,0.0000,1505.0000,0.0000,0.0000,0.0000,0.0000,0.0000,0.0000,0.0000
139.0000,73704.0000,11004.0000,22550.0000,44.0000,6.0000,1.0000,42.0000,0.0000,1505.0000,0.0000,0.0000,0.0000,0.0000,0.0000,0.0000,0.0000
140.0000,74516.0000,11005.0000,22553.0000,44.0000,7.0000,1.0000,42.0000,0.0000,1505.0000,0.0000,0.0000,0.0000,0.0000,0.0000,0.0000,0.0000
141.0000,75348.0000,11004.0000,22552.0000,44.0000,5.0000,1.0000,42.0000,0.0000,1505.0000,0.0000,0.0000,0.0000,0.0000,0.0000,0.0000,0.0000
142.0000,76058.0000,11004.0000,22550.0000,44.0000,0.0000,1.0000,42.0000,0.0000,1505.0000,0.0000,0.0000,0.0000,0.0000,0.0000,0.0000,0.0000
143.0000,76777.0000,11004.0000,22549.0000,44.0000,0.0000,1.0000,42.0000,0.0000,1505.0000,0.0000,0.0000,0.0000,0.0000,0.0000,0.0000,0.0000
144.0000,77669.0000,11004.0000,22549.0000,44.0000,2.0000,1.0000,42.0000,0.0000,1505.0000,0.0000,0.0000,0.0000,0.0000,0.0000,0.0000,0.0000
145.0000,78443.0000,11004.0000,22551.0000,44.0000,10.0000,1.0000,42.0000,0.0000,1505.0000,0.0000,0.0000,0.0000,0.0000,0.0000,0.0000,0.0000
146.0000,79255.0000,11004.0000,22555.0000,44.0000,10.0000,1.0000,42.0000,0.0000,1505.0000,0.0000,0.0000,0.0000,0.0000,0.0000,0.0000,0.0000
147.0000,80044.0000,11003.0000,22550.0000,44.0000,10.0000,1.0000,42.0000,0.0000,1505.0000,0.0000,0.0000,0.0000,0.0000,0.0000,0.0000,0.0000
148.0000,80839.0000,11004.0000,22550.0000,44.0000,1.0000,1.0000,42.0000,0.0000,1505.0000,0.0000,0.0000,0.0000,0.0000,0.0000,0.0000,0.0000
149.0000,81735.0000,11004.0000,22551.0000,44.0000,9.0000,1.0000,42.0000,0.0000,1505.0000,0.0000,0.0000,0.0000,0.0000,0.0000,0.0000,0.0000
150.0000,82500.0000,11003.0000,22553.0000,44.0000,8.0000,1.0000,42.0000,0.0000,1505.0000,0.0000,0.0000,0.0000,0.0000,0.0000,0.0000,0.0000
151.0000,83447.0000,11004.0000,22552.0000,44.0000,8.0000,1.0000,42.0000,0.0000,1505.0000,0.0000,0.0000,0.0000,0.0000,0.0000,0.0000,0.0000
152.0000,84409.0000,11004.0000,22551.0000,44.0000,1.0000,1.0000,42.0000,0.0000,1505.0000,0.0000,0.0000,0.0000,0.0000,0.0000,0.0000,0.0000
153.0000,85260.0000,11003.0000,22550.0000,44.0000,1.0000,1.0000,42.0000,0.0000,1505.0000,0.0000,0.0000,0.0000,0.0000,0.0000,0.0000,0.0000
154.0000,86055.0000,11004.0000,22552.0000,44.0000,1.0000,1.0000,42.0000,0.0000,1505.0000,0.0000,0.0000,0.0000,0.0000,0.0000,0.0000,0.0000
155.0000,86860.0000,11003.0000,22552.0000,44.0000,0.0000,1.0000,42.0000,0.0000,1505.0000,0.0000,0.0000,0.0000,0.0000,0.0000,0.0000,0.0000
156.0000,87628.0000,11004.0000,22551.0000,44.0000,0.0000,1.0000,42.0000,0.0000,1505.0000,0.0000,0.0000,0.0000,0.0000,0.0000,0.0000,0.0000
157.0000,88370.0000,11004.0000,22550.0000,44.0000,1.0000,1.0000,42.0000,0.0000,1505.0000,0.0000,0.0000,0.0000,0.0000,0.0000,0.0000,0.0000
158.0000,89134.0000,11004.0000,22556.0000,44.0000,0.0000,1.0000,42.0000,0.0000,1505.0000,0.0000,0.0000,0.0000,0.0000,0.0000,0.0000,0.0000
159.0000,89900.0000,11003.0000,22550.0000,44.0000,11.0000,1.0000,42.0000,0.0000,1505.0000,0.0000,0.0000,0.0000,0.0000,0.0000,0.0000,0.0000
160.0000,90747.0000,11004.0000,22557.0000,44.0000,1.0000,1.0000,42.0000,0.0000,1505.0000,0.0000,0.0000,0.0000,0.0000,0.0000,0.0000,0.0000
161.0000,91553.0000,11004.0000,22551.0000,44.0000,1.0000,1.0000,42.0000,0.0000,1505.0000,0.0000,0.0000,0.0000,0.0000,0.0000,0.0000,0.0000
162.0000,92485.0000,11004.0000,22550.0000,44.0000,2.0000,1.0000,42.0000,0.0000,1505.0000,0.0000,0.0000,0.0000,0.0000,0.0000,0.0000,0.0000
163.0000,93304.0000,11003.0000,22554.0000,44.0000,10.0000,1.0000,42.0000,0.0000,1505.0000,0.0000,0.0000,0.0000,0.0000,0.0000,0.0000,0.0000
164.0000,94066.0000,11003.0000,22550.0000,44.0000,5.0000,1.0000,42.0000,0.0000,1505.0000,0.0000,0.0000,0.0000,0.0000,0.0000,0.0000,0.0000
165.0000,94956.0000,11004.0000,22553.0000,44.0000,0.0000,1.0000,42.0000,0.0000,1505.0000,0.0000,0.0000,0.0000,0.0000,0.0000,0.0000,0.0000
166.0000,95758.0000,11003.0000,22555.0000,44.0000,5.0000,1.0000,42.0000,0.0000,1505.0000,0.0000,0.0000,0.0000,0.0000,0.0000,0.0000,0.0000
167.0000,96508.0000,11004.0000,22555.0000,44.0000,1.0000,1.0000,42.0000,0.0000,1505.0000,0.0000,0.0000,0.0000,0.0000,0.0000,0.0000,0.0000
168.0000,97379.0000,11004.0000,22551.0000,44.0000,2.0000,1.0000,42.0000,0.0000,1505.0000,0.0000,0.0000,0.0000,0.0000,0.0000,0.0000,0.0000
169.0000,98195.0000,11004.0000,22556.0000,44.0000,7.0000,1.0000,42.0000,0.0000,1505.0000,0.0000,0.0000,0.0000,0.0000,0.0000,0.0000,0.0000
170.0000,99024.0000,11004.0000,22552.0000,44.0000,2.0000,1.0000,42.0000,0.0000,1505.0000,0.0000,0.0000,0.0000,0.0000,0.0000,0.0000,0.0000
171.0000,99786.0000,11003.0000,22551.0000,44.0000,0.0000,1.0000,42.0000,0.0000,1505.0000,0.0000,0.0000,0.0000,0.0000,0.0000,0.0000,0.0000
172.0000,100537.0000,11004.0000,22550.0000,44.0000,3.0000,1.0000,42.0000,0.0000,1505.0000,0.0000,0.0000,0.0000,0.0000,0.0000,0.0000,0.0000
173.0000,101249.0000,11004.0000,22551.0000,44.0000,1.0000,1.0000,42.0000,0.0000,1505.0000,0.0000,0.0000,0.0000,0.0000,0.0000,0.0000,0.0000
174.0000,102016.0000,11004.0000,22551.0000,44.0000,2.0000,1.0000,42.0000,0.0000,1505.0000,0.0000,0.0000,0.0000,0.0000,0.0000,0.0000,0.0000
175.0000,102813.0000,11004.0000,22552.0000,44.0000,2.0000,1.0000,42.0000,0.0000,1505.0000,0.0000,0.0000,0.0000,0.0000,0.0000,0.0000,0.0000
176.0000,103811.0000,11004.0000,22551.0000,44.0000,8.0000,1.0000,42.0000,0.0000,1505.0000,0.0000,0.0000,0.0000,0.0000,0.0000,0.0000,0.0000
177.0000,104635.0000,11004.0000,22550.0000,44.0000,1.0000,1.0000,42.0000,0.0000,1505.0000,0.0000,0.0000,0.0000,0.0000,0.0000,0.0000,0.0000
178.0000,105442.0000,11004.0000,22552.0000,44.0000,1.0000,1.0000,42.0000,0.0000,1505.0000,0.0000,0.0000,0.0000,0.0000,0.0000,0.0000,0.0000
179.0000,106304.0000,11004.0000,22551.0000,44.0000,0.0000,1.0000,42.0000,0.0000,1505.0000,0.0000,0.0000,0.0000,0.0000,0.0000,0.0000,0.0000
180.0000,107099.0000,11004.0000,22551.0000,44.0000,3.0000,1.0000,42.0000,0.0000,1505.0000,0.0000,0.0000,0.0000,0.0000,0.0000,0.0000,0.0000
181.0000,107856.0000,11003.0000,22551.0000,44.0000,0.0000,1.0000,42.0000,0.0000,1505.0000,0.0000,0.0000,0.0000,0.0000,0.0000,0.0000,0.0000
182.0000,108711.0000,11004.0000,22551.0000,44.0000,2.0000,1.0000,42.0000,0.0000,1505.0000,0.0000,0.0000,0.0000,0.0000,0.0000,0.0000,0.0000
183.0000,109552.0000,11004.0000,22551.0000,44.0000,1.0000,1.0000,42.0000,0.0000,1505.0000,0.0000,0.0000,0.0000,0.0000,0.0000,0.0000,0.0000
184.0000,110355.0000,11006.0000,22552.0000,44.0000,0.0000,1.0000,42.0000,0.0000,1505.0000,0.0000,0.0000,0.0000,0.0000,0.0000,0.0000,0.0000
185.0000,111139.0000,11003.0000,22548.0000,44.0000,6.0000,1.0000,42.0000,0.0000,1505.0000,0.0000,0.0000,0.0000,0.0000,0.0000,0.0000,0.0000
186.0000,111900.0000,11004.0000,22551.0000,44.0000,1.0000,1.0000,42.0000,0.0000,1505.0000,0.0000,0.0000,0.0000,0.0000,0.0000,0.0000,0.0000
187.0000,112655.0000,11003.0000,22549.0000,44.0000,11.0000,1.0000,42.0000,0.0000,1505.0000,0.0000,0.0000,0.0000,0.0000,0.0000,0.0000,0.0000
188.0000,113442.0000,11004.0000,22552.0000,44.0000,9.0000,1.0000,42.0000,0.0000,1505.0000,0.0000,0.0000,0.0000,0.0000,0.0000,0.0000,0.0000
189.0000,114254.0000,11004.0000,22553.0000,44.0000,9.0000,1.0000,42.0000,0.0000,1505.0000,0.0000,0.0000,0.0000,0.0000,0.0000,0.0000,0.0000
190.0000,114948.0000,11003.0000,22554.0000,44.0000,4.0000,1.0000,42.0000,0.0000,1505.0000,0.0000,0.0000,0.0000,0.0000,0.0000,0.0000,0.0000
191.0000,116014.0000,11003.0000,22551.0000,44.0000,10.0000,1.0000,42.0000,0.0000,1505.0000,0.0000,0.0000,0.0000,0.0000,0.0000,0.0000,0.0000
192.0000,116832.0000,11003.0000,22550.0000,44.0000,1.0000,1.0000,42.0000,0.0000,1505.0000,0.0000,0.0000,0.0000,0.0000,0.0000,0.0000,0.0000
193.0000,117603.0000,11004.0000,22551.0000,44.0000,1.0000,1.0000,42.0000,0.0000,1505.0000,0.0000,0.0000,0.0000,0.0000,0.0000,0.0000,0.0000
194.0000,118404.0000,11004.0000,22550.0000,44.0000,10.0000,1.0000,42.0000,0.0000,1505.0000,0.0000,0.0000,0.0000,0.0000,0.0000,0.0000,0.0000
195.0000,119204.0000,11004.0000,22556.0000,44.0000,0.0000,1.0000,42.0000,0.0000,1505.0000,0.0000,0.0000,0.0000,0.0000,0.0000,0.0000,0.0000
196.0000,119931.0000,11004.0000,22550.0000,44.0000,4.0000,1.0000,42.0000,0.0000,1505.0000,0.0000,0.0000,0.0000,0.0000,0.0000,0.0000,0.0000
197.0000,120649.0000,11003.0000,22551.0000,44.0000,1.0000,1.0000,42.0000,0.0000,1505.0000,0.0000,0.0000,0.0000,0.0000,0.0000,0.0000,0.0000
198.0000,121404.0000,11003.0000,22550.0000,44.0000,10.0000,1.0000,42.0000,0.0000,1505.0000,0.0000,0.0000,0.0000,0.0000,0.0000,0.0000,0.0000
199.0000,122181.0000,11003.0000,22553.0000,44.0000,0.0000,1.0000,42.0000,0.0000,1505.0000,0.0000,0.0000,0.0000,0.0000,0.0000,0.0000,0.0000
200.0000,122968.0000,11006.0000,22554.0000,44.0000,0.0000,1.0000,42.0000,0.0000,1505.0000,0.0000,0.0000,0.0000,0.0000,0.0000,0.0000,0.0000
201.0000,123868.0000,11004.0000,22550.0000,44.0000,1.0000,1.0000,42.0000,0.0000,1505.0000,0.0000,0.0000,0.0000,0.0000,0.0000,0.0000,0.0000
202.0000,124609.0000,11006.0000,22552.0000,44.0000,1.0000,1.0000,42.0000,0.0000,1505.0000,0.0000,0.0000,0.0000,0.0000,0.0000,0.0000,0.0000
203.0000,125345.0000,11003.0000,22550.0000,44.0000,5.0000,1.0000,42.0000,0.0000,1505.0000,0.0000,0.0000,0.0000,0.0000,0.0000,0.0000,0.0000
204.0000,126060.0000,11007.0000,22555.0000,44.0000,1.0000,1.0000,42.0000,0.0000,1505.0000,0.0000,0.0000,0.0000,0.0000,0.0000,0.0000,0.0000
205.0000,126787.0000,11003.0000,22552.0000,44.0000,4.0000,1.0000,42.0000,0.0000,1505.0000,0.0000,0.0000,0.0000,0.0000,0.0000,0.0000,0.0000
206.0000,127505.0000,11004.0000,22553.0000,44.0000,0.0000,1.0000,42.0000,0.0000,1505.0000,0.0000,0.0000,0.0000,0.0000,0.0000,0.0000,0.0000
207.0000,128233.0000,11003.0000,22555.0000,44.0000,6.0000,1.0000,42.0000,0.0000,1505.0000,0.0000,0.0000,0.0000,0.0000,0.0000,0.0000,0.0000
208.0000,129036.0000,11003.0000,22552.0000,44.0000,0.0000,1.0000,42.0000,0.0000,1505.0000,0.0000,0.0000,0.0000,0.0000,0.0000,0.0000,0.0000
209.0000,129774.0000,11003.0000,22551.0000,44.0000,0.0000,1.0000,42.0000,0.0000,1505.0000,0.0000,0.0000,0.0000,0.0000,0.0000,0.0000,0.0000
210.0000,130558.0000,11004.0000,22554.0000,44.0000,9.0000,1.0000,42.0000,0.0000,1505.0000,0.0000,0.0000,0.0000,0.0000,0.0000,0.0000,0.0000
211.0000,131357.0000,11007.0000,22553.0000,44.0000,0.0000,1.0000,42.0000,0.0000,1505.0000,0.0000,0.0000,0.0000,0.0000,0.0000,0.0000,0.0000
212.0000,132121.0000,11003.0000,22550.0000,44.0000,1.0000,1.0000,42.0000,0.0000,1505.0000,0.0000,0.0000,0.0000,0.0000,0.0000,0.0000,0.0000
213.0000,132914.0000,11003.0000,22550.0000,44.0000,1.0000,1.0000,42.0000,0.0000,1505.0000,0.0000,0.0000,0.0000,0.0000,0.0000,0.0000,0.0000
214.0000,133775.0000,11003.0000,22554.0000,44.0000,1.0000,1.0000,42.0000,0.0000,1505.0000,0.0000,0.0000,0.0000,0.0000,0.0000,0.0000,0.0000
215.0000,134578.0000,11002.0000,22550.0000,44.0000,0.0000,1.0000,42.0000,0.0000,1505.0000,0.0000,0.0000,0.0000,0.0000,0.0000,0.0000,0.0000
216.0000,135325.0000,11004.0000,22550.0000,44.0000,1.0000,1.0000,42.0000,0.0000,1505.0000,0.0000,0.0000,0.0000,0.0000,0.0000,0.0000,0.0000
217.0000,136044.0000,11003.0000,22552.0000,44.0000,1.0000,1.0000,42.0000,0.0000,1505.0000,0.0000,0.0000,0.0000,0.0000,0.0000,0.0000,0.0000
218.0000,136813.0000,11004.0000,22553.0000,44.0000,0.0000,1.0000,42.0000,0.0000,1505.0000,0.0000,0.0000,0.0000,0.0000,0.0000,0.0000,0.0000
219.0000,137579.0000,11004.0000,22550.0000,44.0000,1.0000,1.0000,42.0000,0.0000,1505.0000,0.0000,0.0000,0.0000,0.0000,0.0000,0.0000,0.0000
220.0000,138342.0000,11004.0000,22550.0000,44.0000,0.0000,1.0000,42.0000,0.0000,1505.0000,0.0000,0.0000,0.0000,0.0000,0.0000,0.0000,0.0000
221.0000,139101.0000,11004.0000,22550.0000,44.0000,4.0000,1.0000,42.0000,0.0000,1505.0000,0.0000,0.0000,0.0000,0.0000,0.0000,0.0000,0.0000
222.0000,139833.0000,11004.0000,22555.0000,44.0000,0.0000,1.0000,42.0000,0.0000,1505.0000,0.0000,0.0000,0.0000,0.0000,0.0000,0.0000,0.0000
223.0000,140592.0000,11004.0000,22550.0000,44.0000,8.0000,1.0000,42.0000,0.0000,1505.0000,0.0000,0.0000,0.0000,0.0000,0.0000,0.0000,0.0000
224.0000,141335.0000,11003.0000,22549.0000,44.0000,6.0000,1.0000,42.0000,0.0000,1505.0000,0.0000,0.0000,0.0000,0.0000,0.0000,0.0000,0.0000
225.0000,142055.0000,11004.0000,22550.0000,44.0000,4.0000,1.0000,42.0000,0.0000,1505.0000,0.0000,0.0000,0.0000,0.0000,0.0000,0.0000,0.0000
226.0000,142807.0000,11003.0000,22552.0000,44.0000,1.0000,1.0000,42.0000,0.0000,1505.0000,0.0000,0.0000,0.0000,0.0000,0.0000,0.0000,0.0000
227.0000,143575.0000,11004.0000,22549.0000,44.0000,0.0000,1.0000,42.0000,0.0000,1505.0000,0.0000,0.0000,0.0000,0.0000,0.0000,0.0000,0.0000
228.0000,144365.0000,11003.0000,22550.0000,44.0000,0.0000,1.0000,42.0000,0.0000,1505.0000,0.0000,0.0000,0.0000,0.0000,0.0000,0.0000,0.0000
229.0000,145137.0000,11004.0000,22547.0000,44.0000,1.0000,1.0000,42.0000,0.0000,1505.0000,0.0000,0.0000,0.0000,0.0000,0.0000,0.0000,0.0000
230.0000,145945.0000,11004.0000,22552.0000,44.0000,1.0000,1.0000,42.0000,0.0000,1505.0000,0.0000,0.0000,0.0000,0.0000,0.0000,0.0000,0.0000
231.0000,146810.0000,11004.0000,22552.0000,44.0000,1.0000,1.0000,42.0000,0.0000,1505.0000,0.0000,0.0000,0.0000,0.0000,0.0000,0.0000,0.0000
232.0000,147595.0000,11002.0000,22552.0000,44.0000,1.0000,1.0000,42.0000,0.0000,1505.0000,0.0000,0.0000,0.0000,0.0000,0.0000,0.0000,0.0000
233.0000,148335.0000,11002.0000,22550.0000,44.0000,1.0000,1.0000,42.0000,0.0000,1505.0000,0.0000,0.0000,0.0000,0.0000,0.0000,0.0000,0.0000
234.0000,149069.0000,11003.0000,22549.0000,44.0000,5.0000,1.0000,42.0000,0.0000,1505.0000,0.0000,0.0000,0.0000,0.0000,0.0000,0.0000,0.0000
235.0000,149816.0000,11004.0000,22554.0000,44.0000,7.0000,1.0000,42.0000,0.0000,1505.0000,0.0000,0.0000,0.0000,0.0000,0.0000,0.0000,0.0000
236.0000,150538.0000,11004.0000,22551.0000,44.0000,8.0000,1.0000,42.0000,0.0000,1505.0000,0.0000,0.0000,0.0000,0.0000,0.0000,0.0000,0.0000
237.0000,151251.0000,11003.0000,22549.0000,44.0000,0.0000,1.0000,42.0000,0.0000,1505.0000,0.0000,0.0000,0.0000,0.0000,0.0000,0.0000,0.0000
238.0000,151964.0000,11004.0000,22550.0000,44.0000,1.0000,1.0000,42.0000,0.0000,1505.0000,0.0000,0.0000,0.0000,0.0000,0.0000,0.0000,0.0000
239.0000,152690.0000,11003.0000,22550.0000,44.0000,0.0000,1.0000,42.0000,0.0000,1505.0000,0.0000,0.0000,0.0000,0.0000,0.0000,0.0000,0.0000
240.0000,153453.0000,11003.0000,22550.0000,44.0000,0.0000,1.0000,42.0000,0.0000,1505.0000,0.0000,0.0000,0.0000,0.0000,0.0000,0.0000,0.0000
241.0000,154226.0000,11004.0000,22551.0000,44.0000,1.0000,1.0000,42.0000,0.0000,1505.0000,0.0000,0.0000,0.0000,0.0000,0.0000,0.0000,0.0000
242.0000,154992.0000,11004.0000,22551.0000,44.0000,0.0000,1.0000,42.0000,0.0000,1505.0000,0.0000,0.0000,0.0000,0.0000,0.0000,0.0000,0.0000
243.0000,155774.0000,11004.0000,22551.0000,44.0000,2.0000,1.0000,42.0000,0.0000,1505.0000,0.0000,0.0000,0.0000,0.0000,0.0000,0.0000,0.0000
244.0000,156504.0000,11004.0000,22551.0000,44.0000,1.0000,1.0000,42.0000,0.0000,1505.0000,0.0000,0.0000,0.0000,0.0000,0.0000,0.0000,0.0000
245.0000,157250.0000,11004.0000,22551.0000,44.0000,0.0000,1.0000,42.0000,0.0000,1505.0000,0.0000,0.0000,0.0000,0.0000,0.0000,0.0000,0.0000
246.0000,158071.0000,11004.0000,22551.0000,44.0000,9.0000,1.0000,42.0000,0.0000,1505.0000,0.0000,0.0000,0.0000,0.0000,0.0000,0.0000,0.0000
247.0000,158845.0000,11004.0000,22551.0000,44.0000,0.0000,1.0000,42.0000,0.0000,1505.0000,0.0000,0.0000,0.0000,0.0000,0.0000,0.0000,0.0000
248.0000,159711.0000,11004.0000,22552.0000,44.0000,2.0000,1.0000,42.0000,0.0000,1505.0000,0.0000,0.0000,0.0000,0.0000,0.0000,0.0000,0.0000
249.0000,160454.0000,11003.0000,22551.0000,44.0000,2.0000,1.0000,42.0000,0.0000,1505.0000,0.0000,0.0000,0.0000,0.0000,0.0000,0.0000,0.0000
250.0000,161183.0000,11003.0000,22547.0000,44.0000,9.0000,1.0000,42.0000,0.0000,1505.0000,0.0000,0.0000,0.0000,0.0000,0.0000,0.0000,0.0000
251.0000,162312.0000,11005.0000,22552.0000,44.0000,11.0000,1.0000,42.0000,0.0000,1505.0000,0.0000,0.0000,0.0000,0.0000,0.0000,0.0000,0.0000
252.0000,163496.0000,11005.0000,22551.0000,44.0000,1.0000,1.0000,42.0000,0.0000,1505.0000,0.0000,0.0000,0.0000,0.0000,0.0000,0.0000,0.0000
253.0000,164354.0000,11003.0000,22549.0000,44.0000,0.0000,1.0000,42.0000,0.0000,1505.0000,0.0000,0.0000,0.0000,0.0000,0.0000,0.0000,0.0000
254.0000,165107.0000,11003.0000,22550.0000,44.0000,9.0000,1.0000,42.0000,0.0000,1505.0000,0.0000,0.0000,0.0000,0.0000,0.0000,0.0000,0.0000
255.0000,165956.0000,11004.0000,22551.0000,44.0000,1.0000,1.0000,42.0000,0.0000,1505.0000,0.0000,0.0000,0.0000,0.0000,0.0000,0.0000,0.0000
256.0000,166879.0000,11003.0000,22551.0000,44.0000,1.0000,1.0000,42.0000,0.0000,1505.0000,0.0000,0.0000,0.0000,0.0000,0.0000,0.0000,0.0000
257.0000,167809.0000,11004.0000,22550.0000,44.0000,5.0000,1.0000,42.0000,0.0000,1505.0000,0.0000,0.0000,0.0000,0.0000,0.0000,0.0000,0.0000
258.0000,168769.0000,11003.0000,22550.0000,44.0000,1.0000,1.0000,42.0000,0.0000,1505.0000,0.0000,0.0000,0.0000,0.0000,0.0000,0.0000,0.0000
259.0000,169551.0000,11000.0000,22550.0000,44.0000,10.0000,1.0000,42.0000,0.0000,1505.0000,0.0000,0.0000,0.0000,0.0000,0.0000,0.0000,0.0000
260.0000,170466.0000,11004.0000,22556.0000,44.0000,1.0000,1.0000,42.0000,0.0000,1505.0000,0.0000,0.0000,0.0000,0.0000,0.0000,0.0000,0.0000
261.0000,171330.0000,11004.0000,22551.0000,44.0000,8.0000,1.0000,42.0000,0.0000,1505.0000,0.0000,0.0000,0.0000,0.0000,0.0000,0.0000,0.0000
262.0000,172091.0000,11004.0000,22551.0000,44.0000,2.0000,1.0000,42.0000,0.0000,1505.0000,0.0000,0.0000,0.0000,0.0000,0.0000,0.0000,0.0000
263.0000,172880.0000,11005.0000,22552.0000,44.0000,2.0000,1.0000,42.0000,0.0000,1505.0000,0.0000,0.0000,0.0000,0.0000,0.0000,0.0000,0.0000
264.0000,173648.0000,11004.0000,22552.0000,44.0000,3.0000,1.0000,42.0000,0.0000,1505.0000,0.0000,0.0000,0.0000,0.0000,0.0000,0.0000,0.0000
265.0000,174495.0000,11004.0000,22551.0000,44.0000,1.0000,1.0000,42.0000,0.0000,1505.0000,0.0000,0.0000,0.0000,0.0000,0.0000,0.0000,0.0000
266.0000,175422.0000,11004.0000,22551.0000,44.0000,1.0000,1.0000,42.0000,0.0000,1505.0000,0.0000,0.0000,0.0000,0.0000,0.0000,0.0000,0.0000
267.0000,176197.0000,11004.0000,22550.0000,44.0000,4.0000,1.0000,42.0000,0.0000,1505.0000,0.0000,0.0000,0.0000,0.0000,0.0000,0.0000,0.0000
268.0000,177160.0000,11004.0000,22551.0000,44.0000,1.0000,1.0000,42.0000,0.0000,1505.0000,0.0000,0.0000,0.0000,0.0000,0.0000,0.0000,0.0000
269.0000,177986.0000,11005.0000,22552.0000,44.0000,0.0000,1.0000,42.0000,0.0000,1505.0000,0.0000,0.0000,0.0000,0.0000,0.0000,0.0000,0.0000
270.0000,178822.0000,11004.0000,22551.0000,44.0000,1.0000,1.0000,42.0000,0.0000,1505.0000,0.0000,0.0000,0.0000,0.0000,0.0000,0.0000,0.0000
271.0000,179567.0000,11004.0000,22550.0000,44.0000,1.0000,1.0000,42.0000,0.0000,1505.0000,0.0000,0.0000,0.0000,0.0000,0.0000,0.0000,0.0000
272.0000,180330.0000,11003.0000,22556.0000,44.0000,10.0000,1.0000,42.0000,0.0000,1505.0000,0.0000,0.0000,0.0000,0.0000,0.0000,0.0000,0.0000
273.0000,181140.0000,11004.0000,22555.0000,44.0000,8.0000,1.0000,42.0000,0.0000,1505.0000,0.0000,0.0000,0.0000,0.0000,0.0000,0.0000,0.0000
274.0000,181997.0000,11004.0000,22552.0000,44.0000,8.0000,1.0000,42.0000,0.0000,1505.0000,0.0000,0.0000,0.0000,0.0000,0.0000,0.0000,0.0000
275.0000,182768.0000,11004.0000,22551.0000,44.0000,1.0000,1.0000,42.0000,0.0000,1505.0000,0.0000,0.0000,0.0000,0.0000,0.0000,0.0000,0.0000
276.0000,183532.0000,11005.0000,22552.0000,44.0000,9.0000,1.0000,42.0000,0.0000,1505.0000,0.0000,0.0000,0.0000,0.0000,0.0000,0.0000,0.0000
277.0000,184349.0000,11003.0000,22550.0000,44.0000,1.0000,1.0000,42.0000,0.0000,1505.0000,0.0000,0.0000,0.0000,0.0000,0.0000,0.0000,0.0000
278.0000,185136.0000,11004.0000,22551.0000,44.0000,1.0000,1.0000,42.0000,0.0000,1505.0000,0.0000,0.0000,0.0000,0.0000,0.0000,0.0000,0.0000
279.0000,186081.0000,11004.0000,22550.0000,44.0000,10.0000,1.0000,42.0000,0.0000,1505.0000,0.0000,0.0000,0.0000,0.0000,0.0000,0.0000,0.0000
280.0000,186902.0000,11003.0000,22550.0000,44.0000,1.0000,1.0000,42.0000,0.0000,1505.0000,0.0000,0.0000,0.0000,0.0000,0.0000,0.0000,0.0000
281.0000,188061.0000,11003.0000,22555.0000,44.0000,6.0000,1.0000,42.0000,0.0000,1505.0000,0.0000,0.0000,0.0000,0.0000,0.0000,0.0000,0.0000
282.0000,188969.0000,11004.0000,22551.0000,44.0000,1.0000,1.0000,42.0000,0.0000,1505.0000,0.0000,0.0000,0.0000,0.0000,0.0000,0.0000,0.0000
283.0000,189979.0000,11003.0000,22549.0000,44.0000,7.0000,1.0000,42.0000,0.0000,1505.0000,0.0000,0.0000,0.0000,0.0000,0.0000,0.0000,0.0000
284.0000,190885.0000,11003.0000,22549.0000,44.0000,0.0000,1.0000,42.0000,0.0000,1505.0000,0.0000,0.0000,0.0000,0.0000,0.0000,0.0000,0.0000
285.0000,191731.0000,11004.0000,22549.0000,44.0000,2.0000,1.0000,42.0000,0.0000,1505.0000,0.0000,0.0000,0.0000,0.0000,0.0000,0.0000,0.0000
286.0000,192661.0000,11003.0000,22549.0000,44.0000,5.0000,1.0000,42.0000,0.0000,1505.0000,0.0000,0.0000,0.0000,0.0000,0.0000,0.0000,0.0000
287.0000,193563.0000,11004.0000,22552.0000,44.0000,5.0000,1.0000,42.0000,0.0000,1505.0000,0.0000,0.0000,0.0000,0.0000,0.0000,0.0000,0.0000
288.0000,194313.0000,11004.0000,22551.0000,44.0000,12.0000,1.0000,42.0000,0.0000,1505.0000,0.0000,0.0000,0.0000,0.0000,0.0000,0.0000,0.0000
289.0000,194929.0000,11004.0000,22553.0000,44.0000,0.0000,1.0000,42.0000,0.0000,1505.0000,0.0000,0.0000,0.0000,0.0000,0.0000,0.0000,0.0000
290.0000,195601.0000,11004.0000,22550.0000,44.0000,1.0000,1.0000,42.0000,0.0000,1505.0000,0.0000,0.0000,0.0000,0.0000,0.0000,0.0000,0.0000
291.0000,196221.0000,11004.0000,22553.0000,44.0000,3.0000,1.0000,42.0000,0.0000,1505.0000,0.0000,0.0000,0.0000,0.0000,0.0000,0.0000,0.0000
292.0000,196796.0000,11003.0000,22551.0000,44.0000,1.0000,1.0000,42.0000,0.0000,1505.0000,0.0000,0.0000,0.0000,0.0000,0.0000,0.0000,0.0000
293.0000,197364.0000,11004.0000,22551.0000,44.0000,1.0000,1.0000,42.0000,0.0000,1505.0000,0.0000,0.0000,0.0000,0.0000,0.0000,0.0000,0.0000
294.0000,197952.0000,11003.0000,22549.0000,44.0000,1.0000,1.0000,42.0000,0.0000,1505.0000,0.0000,0.0000,0.0000,0.0000,0.0000,0.0000,0.0000
295.0000,198536.0000,11003.0000,22549.0000,44.0000,0.0000,1.0000,42.0000,0.0000,1505.0000,0.0000,0.0000,0.0000,0.0000,0.0000,0.0000,0.0000
296.0000,199102.0000,11003.0000,22547.0000,44.0000,1.0000,1.0000,42.0000,0.0000,1505.0000,0.0000,0.0000,0.0000,0.0000,0.0000,0.0000,0.0000
297.0000,199717.0000,11004.0000,22550.0000,44.0000,3.0000,1.0000,42.0000,0.0000,1505.0000,0.0000,0.0000,0.0000,0.0000,0.0000,0.0000,0.0000
298.0000,200356.0000,11004.0000,22551.0000,44.0000,0.0000,1.0000,42.0000,0.0000,1505.0000,0.0000,0.0000,0.0000,0.0000,0.0000,0.0000,0.0000
299.0000,200969.0000,11004.0000,22551.0000,44.0000,0.0000,1.0000,42.0000,0.0000,1505.0000,0.0000,0.0000,0.0000,0.0000,0.0000,0.0000,0.0000
300.0000,201692.0000,11004.0000,22550.0000,44.0000,0.0000,1.0000,42.0000,0.0000,1505.0000,0.0000,0.0000,0.0000,0.0000,0.0000,0.0000,0.0000
301.0000,202542.0000,11004.0000,22550.0000,44.0000,9.0000,1.0000,42.0000,0.0000,1505.0000,0.0000,0.0000,0.0000,0.0000,0.0000,0.0000,0.0000
302.0000,203401.0000,11004.0000,22551.0000,44.0000,0.0000,1.0000,42.0000,0.0000,1505.0000,0.0000,0.0000,0.0000,0.0000,0.0000,0.0000,0.0000
303.0000,204194.0000,11004.0000,22549.0000,44.0000,0.0000,1.0000,42.0000,0.0000,1505.0000,0.0000,0.0000,0.0000,0.0000,0.0000,0.0000,0.0000
304.0000,204904.0000,11004.0000,22549.0000,44.0000,3.0000,1.0000,42.0000,0.0000,1505.0000,0.0000,0.0000,0.0000,0.0000,0.0000,0.0000,0.0000
305.0000,205575.0000,11004.0000,22553.0000,44.0000,0.0000,1.0000,42.0000,0.0000,1505.0000,0.0000,0.0000,0.0000,0.0000,0.0000,0.0000,0.0000
306.0000,206372.0000,11004.0000,22549.0000,44.0000,5.0000,1.0000,42.0000,0.0000,1505.0000,0.0000,0.0000,0.0000,0.0000,0.0000,0.0000,0.0000
307.0000,207136.0000,11004.0000,22551.0000,44.0000,3.0000,1.0000,42.0000,0.0000,1505.0000,0.0000,0.0000,0.0000,0.0000,0.0000,0.0000,0.0000
308.0000,207811.0000,11004.0000,22550.0000,44.0000,1.0000,1.0000,42.0000,0.0000,1505.0000,0.0000,0.0000,0.0000,0.0000,0.0000,0.0000,0.0000
309.0000,208432.0000,11004.0000,22550.0000,44.0000,0.0000,1.0000,42.0000,0.0000,1505.0000,0.0000,0.0000,0.0000,0.0000,0.0000,0.0000,0.0000
310.0000,209030.0000,11004.0000,22556.0000,44.0000,2.0000,1.0000,42.0000,0.0000,1505.0000,0.0000,0.0000,0.0000,0.0000,0.0000,0.0000,0.0000
311.0000,209611.0000,11006.0000,22553.0000,44.0000,1.0000,1.0000,42.0000,0.0000,1505.0000,0.0000,0.0000,0.0000,0.0000,0.0000,0.0000,0.0000
312.0000,210169.0000,11004.0000,22550.0000,44.0000,1.0000,1.0000,42.0000,0.0000,1505.0000,0.0000,0.0000,0.0000,0.0000,0.0000,0.0000,0.0000
313.0000,210729.0000,11004.0000,22550.0000,44.0000,10.0000,1.0000,42.0000,0.0000,1505.0000,0.0000,0.0000,0.0000,0.0000,0.0000,0.0000,0.0000
314.0000,211292.0000,11004.0000,22551.0000,44.0000,9.0000,1.0000,42.0000,0.0000,1505.0000,0.0000,0.0000,0.0000,0.0000,0.0000,0.0000,0.0000
315.0000,211877.0000,11003.0000,22551.0000,44.0000,8.0000,1.0000,42.0000,0.0000,1505.0000,0.0000,0.0000,0.0000,0.0000,0.0000,0.0000,0.0000
